<?xml version="1.0" encoding="utf-8"?>
<InterestRateGenericSwap xmlns:xsi="http://www.w3.org/2001/XMLSchema-instance" xmlns:xsd="http://www.w3.org/2001/XMLSchema">
  <ContractId>Demo003</ContractId>
  <Entity>NDC</Entity>
  <EntityID>NA</EntityID>
  <Counterparty>JP Morgan</Counterparty>
  <CounterpartyID>NA</CounterpartyID>
  <SwapType>Payer</SwapType>
  <FixingDays>2</FixingDays>
  <TradeDate>20150728</TradeDate>
  <SettlementDate />
  <MaturityDate />
  <Tenor>5Y</Tenor>
  <FirstLegIndex>FIXED</FirstLegIndex>
  <FirstLegFrequency>SEMIANNUAL</FirstLegFrequency>
  <FirstLegConvention>MODIFIEDFOLLOWING</FirstLegConvention>
  <FirstLegCalendar>NYC</FirstLegCalendar>
  <FirstLegDayCounter>ACTUAL360</FirstLegDayCounter>
  <FirstLegDateGenerationRule>BACKWARD</FirstLegDateGenerationRule>
  <FirstLegEOM>true</FirstLegEOM>
  <FirstLegNotionals>
    <double>1000000</double>
  </FirstLegNotionals>
  <FirstLegSchedules>
    <string />
    <string />
  </FirstLegSchedules>
  <FixedRate>0.02</FixedRate>
  <SecondLegIndex>USDLIB3M</SecondLegIndex>
  <SecondLegFrequency>QUARTERLY</SecondLegFrequency>
  <SecondLegConvention>MODIFIEDFOLLOWING</SecondLegConvention>
  <SecondLegCalendar>NYC</SecondLegCalendar>
  <SecondLegDayCounter>ACTUAL360</SecondLegDayCounter>
  <SecondLegDateGenerationRule>BACKWARD</SecondLegDateGenerationRule>
  <SecondLegEOM>true</SecondLegEOM>
  <SecondLegNotionals>
    <double>1000000</double>
  </SecondLegNotionals>
  <SecondLegSchedules>
    <string />
    <string />
  </SecondLegSchedules>
  <Spread>0</Spread>
  <IsScheduleGiven>false</IsScheduleGiven>
</InterestRateGenericSwap>